"cntry_key","sector","year","value"
"ECU","cf",1997,17196.34
"ECU","cf",2007,36673.924
"ECU","mar",2004,69378.36676854
"ECU","mar",2005,69908.44097865
"ECU","mar",2006,69908.44097865
"ECU","mmw",1998,15.32
"ECU","mmw",2006,57.45
"ECU","tour",2005,42681.329861
"ECU","tour",2006,40794.8622428
"ECU","tour",2007,47179.8295658
"ECU","tour",2008,50245.3394453
"ECU","tour",2009,48812.34962
"ECU","tour",2010,47034.7166721
